DATEPRD,X,crm_7405f,crm_7078,crm_5599,crm_5351,crm_7289,X7405f,X7078,X5599,X5351,X7289
2013-06-01,0,0,0,968.19848943366,NA,NA,0,0,536.48,894.15,0
2013-06-02,1,0,0,956.628843222837,NA,NA,0,0,537.52,895.88,0
2013-06-03,2,0,0,946.672364780501,NA,NA,0,0,539.19,898.65,0
2013-06-04,3,0,0,934.66175914089,NA,NA,0,0,527.94,879.89,0
2013-06-05,4,0,0,916.668687456514,NA,NA,0,0,486.9,885.75,0
2013-06-06,5,0,0,913.459739511864,NA,NA,0,0,488.39,889.37,0
2013-06-07,6,0,0,913.573888758619,NA,NA,0,0,523.27,873.88,0
2013-06-08,7,0,0,906.456822939158,NA,NA,0,0,516.87,863.37,0
2013-06-09,8,0,0,888.137946100134,NA,NA,0,0,401.07,882.71,0
2013-06-10,9,0,0,878.766422841811,NA,NA,0,0,412.17,795.81,0
2013-06-11,10,0,0,869.06361644681,NA,NA,0,0,494.31,825.65,0
2013-06-12,11,0,0,858.688694119177,NA,NA,0,0,499.71,833.77,0
2013-06-13,12,0,0,850.629530068277,NA,NA,0,0,508.22,847.02,0
2013-06-14,13,0,0,841.877909217998,NA,NA,0,0,511.37,852.28,0
2013-06-15,14,0,0,831.909078162754,NA,NA,0,0,511.01,851.68,0
2013-06-16,15,0,0,824.890607279054,NA,NA,0,0,516.52,860.87,0
2013-06-17,16,0,0,815.425054996778,NA,NA,0,0,526.2,877.01,0
2013-06-18,17,0,0,808.855777833177,NA,NA,0,0,526.93,878.21,0
2013-06-19,18,0,0,802.301339956702,NA,NA,0,0,527.68,879.48,0
2013-06-20,19,0,0,793.492336082558,NA,NA,0,0,525.85,876.42,0
2013-06-21,20,0,0,778.712121204344,NA,NA,0,0,472.67,787.8,0
2013-06-22,21,0,0,699.852378376775,NA,NA,0,0,0,421.26,0
2013-06-23,22,0,0,720.160595871548,NA,NA,0,0,0,75.58,0
2013-06-24,23,0,0,0,NA,NA,0,0,0,0,0
2013-06-25,24,0,0,0,NA,NA,0,0,0,0,0
2013-06-26,25,0,0,0,NA,NA,0,0,177.64,696.24,0
2013-06-27,26,0,0,741.422820569103,NA,NA,0,0,0,566.52,0
2013-06-28,27,0,0,694.40911350206,NA,NA,0,0,144.51,762.49,0
2013-06-29,28,0,0,742.082047144693,NA,NA,0,0,492.64,821.87,0
2013-06-30,29,0,0,731.024621077363,NA,NA,0,0,494.51,824.65,0
2013-07-01,30,0,0,723.370513918828,NA,NA,0,0,505.53,842.56,0
2013-07-02,31,0,0,724.284360437696,NA,NA,0,0,518.27,863.9,0
2013-07-03,32,0,0,715.203948007078,NA,NA,0,0,519.46,865.77,0
2013-07-04,33,0,0,708.836571835141,NA,NA,0,0,525.32,875.54,0
2013-07-05,34,0,0,710.556048658166,NA,NA,0,0,534.95,891.6,0
2013-07-06,35,0,0,640.639296615294,NA,NA,0,0,37.97,583.75,0
2013-07-07,36,0,0,689.792654297345,NA,NA,0,0,140.54,948.8,0
2013-07-08,37,0,0,1021.17929574391,NA,NA,0,0,511.43,852.38,0
2013-07-09,38,0,0,663.673759255819,NA,NA,0,0,483.69,857.61,0
2013-07-10,39,0,0,659.201198687457,NA,NA,0,0,520.4,867.73,0
2013-07-11,40,0,0,649.203997175183,NA,NA,0,0,404.23,850.37,0
2013-07-12,41,0,0,646.837232407423,NA,NA,0,0,523.4,872.74,0
2013-07-13,42,0,0,639.483103468683,NA,NA,0,0,516.12,860.38,0
2013-07-14,43,0,0,634.301094225108,NA,NA,0,0,517.75,863.13,0
2013-07-15,44,0,0,629.883726362209,NA,NA,0,0,581.97,837.4,0
2013-07-16,45,0,0,624.446453254984,NA,NA,0,0,575.33,827.69,0
2013-07-17,46,0,0,619.642686067528,NA,NA,0,0,572.78,824.01,0
2013-07-18,47,0,0,614.349468568141,NA,NA,0,0,571.98,822.86,0
2013-07-19,48,0,0,609.131764517567,NA,NA,0,0,568.38,818.02,0
2013-07-20,49,0,0,605.517033425517,NA,NA,0,0,569.04,818.74,0
2013-07-21,50,0,0,602.182117559457,NA,NA,0,0,567.41,816.6,0
2013-07-22,51,0,0,417.536745242482,NA,NA,0,0,31.36,105.65,0
2013-07-23,52,0,0,561.350164682714,NA,NA,0,0,0,745.71,0
2013-07-24,53,997.837411397103,0,571.123855167506,NA,NA,0,17.85,5.71,770.67,0
2013-07-25,54,873.53312165559,0,560.711282807434,NA,NA,0,725,216.41,695.39,0
2013-07-26,55,879.790328171897,0,558.138874452766,NA,NA,0,891.48,217.37,776.09,0
2013-07-27,56,886.121784466811,0,558.683345296634,NA,NA,0,886.42,437.17,779.72,0
2013-07-28,57,877.27960009904,0,400.500821925916,NA,NA,0,56.01,14.8,7.18,0
2013-07-29,58,869.855467978336,0,313.883864013983,NA,NA,0,123.59,66.02,65.68,0
2013-07-30,59,874.085186567933,0,535.736805321492,NA,NA,0,1032.38,547.52,670.4,0
2013-07-31,60,782.516694716158,0,512.147579299949,NA,NA,0,190.35,59.32,324.71,0
2013-08-01,61,0,0,0,NA,NA,0,0,0,0,0
2013-08-02,62,0,0,0,NA,NA,0,0,0,0,0
2013-08-03,63,813.485781326702,0,940.932899355161,NA,NA,0,590.09,313.04,318.64,0
2013-08-04,64,823.319555463298,0,1038.39281965264,NA,NA,0,1066.46,521.18,736.95,0
2013-08-05,65,831.082748793213,0,1031.59211850953,NA,NA,0,1059.61,533.55,769.73,0
2013-08-06,66,838.325124238749,0,1021.99705171697,NA,NA,0,1070.45,540.26,777.23,0
2013-08-07,67,845.32891667387,0,1012.66006360969,NA,NA,0,1069.96,547.92,788.24,0
2013-08-08,68,852.281729946607,0,997.437723861988,NA,NA,0,1062.22,544.36,783.12,0
2013-08-09,69,859.18048586578,0,986.105080747672,NA,NA,0,1074,539.32,775.86,0
2013-08-10,70,865.865695759322,0,977.011667684428,NA,NA,0,1070.3,540.29,777.26,0
2013-08-11,71,872.163863003434,0,963.989426375713,NA,NA,0,1054.09,531.82,764.87,0
2013-08-12,72,878.484063206493,0,952.70137249517,NA,NA,0,1038.69,527.03,758.25,0
2013-08-13,73,884.859880468789,0,949.232116093068,NA,NA,0,1050.89,531.69,765.06,0
2013-08-14,74,890.95556768245,0,939.195263813869,NA,NA,0,1044.55,534.08,768.65,0
2013-08-15,75,896.958388202995,0,923.836095453526,NA,NA,0,1044.6,530.29,763.75,0
2013-08-16,76,904.300939867458,0,912.26118901903,NA,NA,0,1075.73,540.4,777.62,0
2013-08-17,77,910.76435672712,0,901.527067592857,NA,NA,0,1088.86,531.72,765.66,0
2013-08-18,78,915.726320568721,0,891.212483009106,NA,NA,0,1041.92,533.77,767.88,0
2013-08-19,79,923.05041668894,0,880.855957229148,NA,NA,0,1047.06,552.66,795.06,0
2013-08-20,80,928.264194800345,0,871.650854685758,NA,NA,0,1024.24,544.62,783.49,0
2013-08-21,81,933.513880768552,0,861.950881321569,NA,NA,0,1050.43,534.43,768.84,0
2013-08-22,82,939.49327463696,0,853.798308158634,NA,NA,0,1045.41,528.12,775.82,0
2013-08-23,83,944.506946816492,0,844.766159317395,NA,NA,0,1038.88,529.89,762.29,0
2013-08-24,84,949.858877492812,0,835.736386576131,NA,NA,0,1030.14,528.26,759.95,0
2013-08-25,85,955.029923562414,0,827.539330199495,NA,NA,0,1029.58,525.74,756.32,0
2013-08-26,86,960.194206693803,0,818.625876768876,NA,NA,0,1030.05,522.01,750.96,0
2013-08-27,87,964.958102556913,0,812.978263523046,NA,NA,0,697.86,565.25,813.18,0
2013-08-28,88,0,0,808.098903817885,NA,NA,0,0,487.72,701.65,0
2013-08-29,89,0,0,795.755188526393,NA,NA,0,0,490.27,705.38,0
2013-08-30,90,0,0,788.482038098208,NA,NA,0,0,496.78,714.74,0
2013-08-31,91,0,0,783.717666188034,NA,NA,0,0,500.71,720.45,0
2013-09-01,92,0,0,775.955275001581,NA,NA,0,0,501,720.93,0
2013-09-02,93,989.486765717078,0,764.437413926475,NA,NA,0,15.16,520.46,748.74,0
2013-09-03,94,1006.34337044922,0,759.551220714956,NA,NA,0,940.96,524.59,754.75,0
2013-09-04,95,1016.00430732225,0,751.999590428582,NA,NA,0,969.43,528.03,759.66,0
2013-09-05,96,1024.27141781211,0,744.499929495887,NA,NA,0,1016.4,414.29,773.9,0
2013-09-06,97,1035.50765145964,0,735.776296069519,NA,NA,0,1156.84,260.2,767.82,0
2013-09-07,98,1043.48943361818,0,728.583311322426,NA,NA,0,1150.65,258.92,764.48,0
2013-09-08,99,1051.04505627041,0,720.274954741304,NA,NA,0,1140.41,257.43,760.03,0
2013-09-09,100,1080.2225281352,129.53,742.412477370652,NA,NA,0,1109.4,259.06,764.55,0
2013-09-10,101,1083.56524859914,130.13273464163,733.776911035431,NA,NA,0,1118.97,253.66,749.17,0
2013-09-11,102,1086.35375967565,130.708279922204,725.452343229269,NA,NA,0,1102.58,249.96,737.77,0
2013-09-12,103,1085.76139965748,130.522652438632,712.469648928719,NA,NA,0,809.9,204.82,586.5,0
2013-09-13,104,537.895550560242,0,581.105407638373,NA,NA,0,0,0,218.49,0
2013-09-14,105,893.518748647431,128.257449768927,424.687111941972,NA,NA,0,329.15,38.35,27.93,0
2013-09-15,106,1512.7347778935,127.998054791184,568.720712545075,NA,NA,0,982.21,434.55,545.87,0
2013-09-16,107,1524.13645332913,127.705866021098,610.923815520502,NA,NA,0,947.47,397.03,479.48,0
2013-09-17,108,1529.04187172301,127.951066812074,644.232503756917,NA,NA,0,1042,494.2,628.31,0
2013-09-18,109,1529.12562801385,126.704547527373,653.702893298569,NA,NA,0,474.31,198.18,284.01,0
2013-09-19,110,554.649366669638,0,314.4091630237,NA,NA,0,0,0,0,0
2013-09-20,111,79.2249382891504,126.191748444625,0,NA,NA,0,642.66,184.8,326.59,0
2013-09-21,112,639.532699390159,126.472660165162,381.541195264633,NA,NA,0,309.88,123.62,655.17,0
2013-09-22,113,655.830445434319,126.927271184826,719.982311083067,NA,NA,0,1034.51,383.41,574.57,0
2013-09-23,114,707.210699810393,127.212061777055,738.562017446104,NA,NA,0,1074.59,492.62,625.99,0
2013-09-24,115,724.477318149808,127.690905588214,747.752442438456,NA,NA,0,1142.53,408.26,656.48,0
2013-09-25,116,725.63994550262,128.155866483002,743.154755042355,NA,NA,0,1107.51,410.28,659.55,0
2013-09-26,117,749.871577818192,128.620753451517,735.178094662059,NA,NA,0,1124.52,411.89,661.93,0
2013-09-27,118,746.509087537848,128.245690193591,1326.93748230494,NA,NA,0,299.46,64.36,491.73,0
2013-09-28,119,728.46932031403,128.909029929592,1683.93702470647,NA,NA,0,380.03,206.41,799.2,0
2013-09-29,120,848.335651904422,129.436808833237,2133.1240201091,NA,NA,0,1158.6,367.22,665.7,0
2013-09-30,121,841.862439524879,129.85282520195,1214.49916701658,NA,NA,0,1194.95,375.93,681.42,0
2013-10-01,122,822.219124154875,130.87848247109,621.024899173587,NA,NA,0,1195.94,375.71,681.02,0
2013-10-02,123,834.478514019262,131.459625030797,614.152919227099,NA,NA,0,1249.05,295.03,711.35,0
2013-10-03,124,845.408242666651,131.807283980394,607.924729459458,NA,NA,0,1245.28,293.47,707.63,0
2013-10-04,125,854.388922321165,132.073821706181,600.646953028563,NA,NA,0,1242.87,292.86,705.9,0
2013-10-05,126,863.64857792226,132.365784037077,595.632333149089,NA,NA,0,1235.41,296.71,714.35,0
2013-10-06,127,887.701983386532,132.594171056114,591.719934157806,NA,NA,0,1256.2,298.71,718.46,0
2013-10-07,128,898.536616736244,132.922712590596,586.526300872611,NA,NA,0,1251.09,298.45,714.08,0
2013-10-08,129,907.757561392258,133.246174275212,580.689592265754,NA,NA,0,1251.81,295.29,709.59,0
2013-10-09,130,920.640415996444,133.475470612857,574.492962656402,NA,NA,0,1256.98,292.16,702.19,0
2013-10-10,131,935.877965423778,133.734734908951,568.398172403748,NA,NA,0,1271.99,292.9,703.99,0
2013-10-11,132,930.959985336913,132.326155777584,553.03500871395,NA,NA,0,655.2,163.08,311.95,0
2013-10-12,133,816.457511231349,129.9589551378,330.200322051757,NA,NA,0,362.61,99.76,44.93,0
2013-10-13,134,936.226712372404,130.118902944696,533.248394441199,NA,NA,0,1178.27,279.17,615.54,0
2013-10-14,135,948.053441933918,130.437123080194,650.813499735046,NA,NA,0,1183.06,279.23,671.85,0
2013-10-15,136,953.278642191703,130.77980856723,653.192330580803,NA,NA,0,1198.75,280.73,683.09,0
2013-10-16,137,959.371270999596,131.11029225034,646.734614574576,NA,NA,0,1197.21,283.09,680.85,0
2013-10-17,138,966.027953285914,131.459441027138,641.814913524921,NA,NA,0,1198.18,288.49,692.36,0
2013-10-18,139,972.153318244484,131.815528215527,636.950351838224,NA,NA,0,1215.93,284.86,685.23,0
2013-10-19,140,979.733933903575,132.150199672776,629.786149001421,NA,NA,0,1221.59,282.54,679.92,0
2013-10-20,141,986.49580707868,132.464919791912,625.269546817934,NA,NA,0,1210.15,287.52,691.96,0
2013-10-21,142,992.82146124319,132.777227733558,623.841737169448,NA,NA,0,1218.52,282.06,678.86,0
2013-10-22,143,998.90709260679,133.087224406158,619.94491749407,NA,NA,0,1219.97,285.59,686.85,0
2013-10-23,144,1005.19025719854,133.396212726276,614.55708071692,NA,NA,0,1221.28,285.87,687.36,0
2013-10-24,145,1022.79666909116,133.685686684174,609.571502926444,NA,NA,0,1250.87,286.93,686.11,0
2013-10-25,146,1030.62037965572,133.957575899968,605.296098281783,NA,NA,0,1249.12,286.03,687.65,0
2013-10-26,147,1032.69464380704,134.236224623295,599.805812967863,NA,NA,0,1236.82,285.36,685.92,0
2013-10-27,148,1025.82007051649,134.506716028742,589.863792813067,NA,NA,0,1219.94,280.98,675.02,0
2013-10-28,149,986.576510833262,131.860427243667,248.018148598114,NA,NA,0,250.93,141.14,0,0
2013-10-29,150,1021.05876498839,129.292874098602,0,NA,NA,0,557.18,181.22,0,0
2013-10-30,151,983.07952831646,127.512788844868,668.59090466583,NA,NA,0,414.96,153.26,193.53,0
2013-10-31,152,1029.44343460001,127.77165034353,1205.20577156975,NA,NA,0,1197.34,276.81,633.57,0
2013-11-01,153,1059.87011955612,128.128120711237,1253.14547752306,NA,NA,0,1212.36,281.1,677.68,0
2013-11-02,154,1044.90465727754,125.755134776529,1216.53552086476,NA,NA,0,1252.76,289.26,11.09,0
2013-11-03,155,994.139489813634,123.358729292473,1003.99249432971,NA,NA,0,773.31,204.44,5.75,0
2013-11-04,156,1019.44224136782,123.915429627736,1100.08385369958,NA,NA,0,1155.15,56.86,565.18,0
2013-11-05,157,1000.84244045269,0,1196.73281741171,NA,NA,0,1180.75,0,678.85,0
2013-11-06,158,971.04646942315,0,1094.38946575247,NA,NA,0,1127.93,0,647.62,0
2013-11-07,159,1018.81351281242,125.093400473547,1106.93889178693,NA,NA,0,1164.19,148.58,623.9,0
2013-11-08,160,1042.43458223656,125.598500040962,1135.63513757639,NA,NA,0,1186.6,259.94,670.56,0
2013-11-09,161,1030.86875487439,126.068726789943,1123.51568943963,NA,NA,0,1174.61,256.51,661.81,0
2013-11-10,162,1046.54370818066,126.577492506822,1107.83674642256,NA,NA,0,1201.41,255.68,659.87,0
2013-11-11,163,1072.85820296687,127.17616714218,1093.42343673524,NA,NA,0,1257.28,228.51,673.1,0
2013-11-12,164,1066.17234968871,127.798790244622,1077.10244030945,NA,NA,0,1167.56,273.47,707.48,0
2013-11-13,165,1049.83682605144,128.383875740626,1065.39823942226,NA,NA,0,1150.55,271.33,699.29,0
2013-11-14,166,1065.95884849314,128.915634582471,1056.51025630601,NA,NA,0,1162.76,274.55,707.27,0
2013-11-15,167,1072.47705818346,129.380731279947,1041.27768540874,NA,NA,0,1172.19,277.47,714.35,0
2013-11-16,168,1083.12019000877,129.835377795785,1025.17410214012,NA,NA,0,1185.38,280.21,721.6,0
2013-11-17,169,1070.54356509699,130.269080647928,1010.35450803417,NA,NA,0,1156.62,272.16,701.5,0
2013-11-18,170,1070.41904208071,130.678092210492,995.855403372436,NA,NA,0,1155.28,272.09,701.07,0
2013-11-19,171,1069.86269814036,131.115821792884,981.43634994252,NA,NA,0,1145.31,267.04,688.24,0
2013-11-20,172,1108.99696619128,131.519668270344,964.589625725342,NA,NA,0,1222.99,273.73,705.48,0
2013-11-21,173,1125.81612820245,132.008760653812,948.918471975837,NA,NA,0,1245.11,274.09,706.16,0
2013-11-22,174,1128.53658290842,132.575172315163,935.337185716561,NA,NA,0,1213.11,277.75,715.3,0
2013-11-23,175,1129.60321570697,133.141130131344,922.082441789081,NA,NA,0,1216.54,273.88,705.39,0
2013-11-24,176,1138.50620740015,133.719093252885,910.131458423324,NA,NA,0,1232.91,271.59,699.92,0
2013-11-25,177,1143.68763278298,134.287127097102,898.670026483583,NA,NA,0,1227.25,271.85,700.29,0
2013-11-26,178,1140.92145276707,134.835116258641,887.83341068433,NA,NA,0,1200.78,272.84,702.39,0
2013-11-27,179,1156.6715084197,135.471713973991,887.035929924615,NA,NA,0,1202.03,272.37,701.55,0
2013-11-28,180,1148.11417081879,135.982245699495,872.084270093896,NA,NA,0,1193.42,271.91,700.53,0
2013-11-29,181,1154.07085419113,136.497767738627,856.041551189938,NA,NA,0,1196.26,270.19,696.45,0
2013-11-30,182,1183.70652395672,137.031791327378,845.066130621746,NA,NA,0,1253.95,271.16,698.99,0
2013-12-01,183,1199.2649753846,137.533004986477,835.927506800309,NA,NA,0,1274.74,271.62,700.13,0
2013-12-02,184,1205.93200965101,138.27177667857,827.120429854453,NA,NA,0,1326.29,281.46,644.52,0
2013-12-03,185,1209.51502672795,138.754463956532,819.3938537634,NA,NA,0,1314.55,280.77,642.92,0
2013-12-04,186,1221.30529057942,139.246999890761,811.048442568544,NA,NA,0,1340.01,271.96,623.26,0
2013-12-05,187,1226.45751682129,139.570447331691,797.183564433045,NA,NA,0,1306.06,264.79,609.47,0
2013-12-06,188,1122.14751043254,138.954305342908,733.587352879209,NA,NA,0,605.59,106.82,321.16,0
2013-12-07,189,1224.40834406974,139.349688999245,748.976844578625,NA,NA,0,1166.9,251.57,577.46,0
2013-12-08,190,1229.16884637158,139.728838881586,766.850120357906,NA,NA,0,1170.31,264.78,605.97,0
2013-12-09,191,1201.38263907747,138.557191872027,695.079676185773,NA,NA,0,590.11,105.28,308.67,0
2013-12-10,192,1142.70241764698,136.316167205988,666.16715897917,NA,NA,0,780.7,154.42,37.17,0
2013-12-11,193,929.682340388601,0,285.029809380133,NA,NA,0,62.69,0,0,0
2013-12-12,194,1132.6490511617,134.263594543918,726.117578496187,NA,NA,0,1096.97,209.17,56.35,0
2013-12-13,195,1123.51030780584,132.380920874142,1255.7869941238,NA,NA,0,364.15,135.68,111.55,0
2013-12-14,196,1116.85113360352,132.550402543697,1266.75933508129,NA,NA,0,1023.24,215.12,460.84,0
2013-12-15,197,1144.355312477,133.269674602484,1252.32167403799,NA,NA,0,1086.49,208.64,552.54,0
2013-12-16,198,1162.1129037129,134.194096367893,1277.58781483868,NA,NA,0,1228.17,253.67,627.43,0
2013-12-17,199,1217.32357141213,134.758039204754,1281.87222566888,NA,NA,0,1276.23,284.01,649.17,0
2013-12-18,200,1224.59864804631,176.477694420174,1004.12840449629,0,NA,0,1311.5,275.19,629,0
2013-12-19,201,1193.35812217483,267.24716032574,997.704501884958,0,NA,0,1306.85,274.85,628.24,0
2013-12-20,202,1175.81442240996,268.539325177019,913.338032024716,0,NA,0,916.69,151.55,388.08,0
2013-12-21,203,1135.2235362651,270.17092239134,900.162515730867,0,NA,0,1149.7,259.98,589.05,0
2013-12-22,204,1162.81538483464,272.642546162748,940.039783124246,0,NA,0,1268.29,276.48,632.5,0
2013-12-23,205,1201.47098525796,275.166349050177,933.184616880368,0,NA,0,1300.33,274.74,628.71,0
2013-12-24,206,1211.05942568122,277.807300586968,920.230349306517,0,NA,0,1332.52,274.49,628.16,0
2013-12-25,207,1222.55937466994,280.367812173104,907.393696677738,0,NA,0,1321.87,282.76,646.65,0
2013-12-26,208,1223.07573027246,282.046656145269,886.309113021036,0,NA,0,1133.69,240.71,534.96,0
2013-12-27,209,1177.68410053007,281.50715653589,770.104252180651,0,NA,0,648.24,154.55,262.78,0
2013-12-28,210,1132.32332553585,282.202333973318,776.560615197024,0,NA,0,1219.26,268.24,615.33,0
2013-12-29,211,1214.25253820782,284.593964063911,843.697399344978,0,NA,0,1240.64,273.76,627.72,0
2013-12-30,212,1214.82462944423,286.97507706802,834.878687825772,0,NA,0,1269.54,273.25,626.64,0
2013-12-31,213,1199.94406497801,288.566087742834,766.284775221286,0,NA,0,973.43,239.21,529.54,0
2014-01-01,214,1161.12516341935,290.336947231498,762.103823151707,0,NA,0,1199.06,276.25,604.44,0
2014-01-02,215,1193.68572672139,292.741668424574,799.962506943447,0,NA,0,1327.31,275.19,631.61,0
2014-01-03,216,1236.11539691683,295.208682949752,796.306966879689,0,NA,0,1296.68,232.87,619.46,0
2014-01-04,217,1227.72857641058,295.329156472409,772.462194621489,0,NA,0,753.22,171.12,358.71,0
2014-01-05,218,1160.72212507337,291.765396415657,588.367752463106,0,NA,0,287.7,51.31,32.57,0
2014-01-06,219,1074.91110673654,290.68331537615,766.148889923879,0,NA,0,1109.93,260.47,523.11,0
2014-01-07,220,1191.75800697955,292.513090623566,915.646557880939,0,NA,0,1202.73,269.88,620.74,0
2014-01-08,221,1221.30285859323,294.660065569719,923.578273508768,0,NA,0,1218.19,281.94,647.63,0
2014-01-09,222,1227.14006566463,296.805363514139,917.037617640686,0,NA,0,1241.32,275.23,632.21,0
2014-01-10,223,1239.58348756251,298.878395341035,908.889718254713,0,NA,0,1253.36,275.86,633.44,0
2014-01-11,224,1247.8466312709,300.845627375445,898.024158560563,0,NA,0,1279.02,274.6,630.81,0
2014-01-12,225,1255.70421995467,302.623759443171,887.900451340336,0,NA,0,1276.71,273.45,628.08,0
2014-01-13,226,1260.44969161133,304.442410787673,876.509719196078,0,NA,0,1289.27,275.89,633.9,0
2014-01-14,227,1270.10020521861,306.477045735691,864.524063620588,0,NA,0,1311.79,269.08,618.13,0
2014-01-15,228,1267.33655520375,308.531606537971,856.066617354574,0,NA,0,1274.05,213.77,600.53,0
2014-01-16,229,1264.88986774115,310.348596763242,844.647061142335,576.320336664811,NA,0,1250.06,203.72,604.43,351.05
2014-01-17,230,1264.72173565016,312.125060183585,828.323174723791,819.985073812882,NA,0,1297.07,269.91,619.14,485.34
2014-01-18,231,1263.85896011242,314.475848090291,818.850132908457,865.567293557177,NA,0,1282.74,83.39,593.68,513.12
2014-01-19,232,1250.51653457265,142.709200013039,807.38969990094,874.625326313152,NA,0,1231.07,0,568.99,497.55
2014-01-20,233,1234.75913972516,0,790.524011092168,843.224895896206,NA,0,1236.35,0,580.12,469.59
2014-01-21,234,1220.65098945067,0,774.814652835177,843.623091899542,NA,0,1245.46,0,570.78,479.09
2014-01-22,235,1203.54969419731,0,759.693213479632,839.581544426886,NA,0,1296.27,0,597.45,495.13
2014-01-23,236,1187.83624891984,0,744.289411945043,813.836349272996,NA,0,1352.45,0,623.72,430.23
2014-01-24,237,1174.34190684986,174.633138621659,730.110885707583,790.527763783603,NA,0,1296.83,23.51,594.99,409.09
2014-01-25,238,1162.00603302284,320.072999361003,716.633268632154,770.14602222852,NA,0,653.96,111.81,651.77,443.84
2014-01-26,239,1166.53789768226,322.456719750194,705.108471455401,759.653393653373,NA,0,1138.27,146.41,527.7,360.8
2014-01-27,240,1209.3394610938,324.502458376908,694.044065446254,747.66354587907,NA,0,1128.83,152.65,526.02,362.03
2014-01-28,241,1189.79107485946,326.409092239028,684.318276184194,719.444348844717,NA,0,1185.93,71.22,555.86,377.77
2014-01-29,242,1178.57583787915,325.08869912143,666.129755382574,0,NA,0,473.89,3.99,241.01,0
2014-01-30,243,535.912108666703,143.791498750681,391.205030852603,0,NA,0,0,0,0,0
2014-01-31,244,347.989868436069,179.484258967552,0,0,NA,0,1162.85,253.72,415.55,0
2014-02-01,245,387.05702082431,324.439198145492,346.054824053081,817.273908786153,NA,0,1182.42,242.4,563.55,356.46
2014-02-02,246,1036.49041811819,326.740066899083,799.886085959862,798.952047206035,NA,0,1324.83,249.21,578.73,338.4
2014-02-03,247,1106.35928582316,328.974215861707,796.979000719499,792.163377969963,NA,0,1353.04,250.29,581.16,336
2014-02-04,248,1120.62527591261,331.121674686177,796.604898766283,781.267663237867,NA,0,1362.32,249.14,578.4,325.52
2014-02-05,249,1129.77775341658,333.20207272555,795.793798628751,767.137953803044,NA,0,1355.11,249.99,580.14,312.16
2014-02-06,250,1119.46929089681,331.569579927495,756.201741224077,735.880928683175,NA,0,336.75,129.54,195.27,117.66
2014-02-07,251,660.805033316556,143.903505344371,411.866992183352,0,NA,0,0,0,0,0
2014-02-08,252,149.245764432504,184.728948964403,0,373.003739111921,NA,0,140.99,37.32,506.83,381.23
2014-02-09,253,208.914368952639,328.683711260391,403.157863001893,528.647717393244,NA,0,1165.83,246.21,562.95,373.59
2014-02-10,254,1009.99348343277,328.529092820361,804.480201139933,476.693747947078,NA,0,117.82,25.89,299.48,334.24
2014-02-11,255,807.361211719441,142.025466530024,782.831855079731,517.589908730745,NA,0,0,0,308.34,262.69
2014-02-12,256,441.158387473817,185.964213938838,766.423519221687,420.271773436527,NA,0,953.58,227.19,433.55,334.29
2014-02-13,257,1864.05640568192,329.151181354183,788.677054801238,516.040215211036,NA,0,1196.82,261.34,597.34,369.51
2014-02-14,258,1962.80011680097,331.067733571477,835.903215098695,510.995569546749,NA,0,1237.04,265.94,607.85,348.32
2014-02-15,259,1963.34623101196,333.011840236329,829.313576798257,513.174939137061,NA,0,1219.55,219.14,600.91,337.97
2014-02-16,260,1948.88264379466,334.931074970447,814.886962006223,495.046809269756,NA,0,1237.45,266.27,609.6,308.48
2014-02-17,261,1935.4612413085,336.853107491709,800.827818907264,492.106228529757,NA,0,1234.86,269.76,616.6,262.46
2014-02-18,262,1881.36057335633,336.595149080456,716.897386646846,421.13784820759,NA,0,649.74,188.33,332.49,134.26
2014-02-19,263,1772.71162181241,337.037742930789,721.661851699135,466.522469470264,NA,0,1081.91,266.53,597.13,301.33
2014-02-20,264,1848.67579078292,338.905792701197,773.398193061025,495.019254328057,NA,0,1230.32,273.39,624.9,281.26
2014-02-21,265,1908.29491730145,340.821917789226,766.033345598012,483.872970522903,NA,0,1248.17,276.26,631.46,255.93
2014-02-22,266,1904.5670187579,342.897809647006,762.073493257482,477.632208906224,NA,0,1241.05,280.32,640.73,252.46
2014-02-23,267,1893.07240148481,344.924261444326,762.277359140662,477.878759873645,NA,0,1243.91,275.25,629.14,250.86
2014-02-24,268,1889.93812495005,346.600480274969,760.910368804048,478.977340466532,NA,0,1210.72,276.34,631.65,278.48
2014-02-25,269,1889.42975643055,348.054410948507,765.150904493226,489.386099507577,NA,0,1223.99,269.44,615.86,268.59
2014-02-26,270,1895.53559959385,349.516054202125,752.523173016059,474.443392789409,NA,0,1223.72,269.07,615.02,265.37
2014-02-27,271,1870.24797299392,350.957976823459,733.715059932351,476.562804325505,NA,0,1209.75,266.84,609.92,259.99
2014-02-28,272,1858.45251345554,352.35517776087,723.73061345593,471.377540550665,NA,0,1208.28,270,617.13,251.09
2014-03-01,273,1849.39931451207,353.743751116477,714.37099042995,473.787087333022,NA,0,1188.83,262.88,600.87,242.16
2014-03-02,274,1842.96216643202,355.135493312057,706.579955399029,473.351758454328,NA,0,1200.67,262.86,600.82,239.92
2014-03-03,275,1833.54101523896,356.477051928798,704.266797423897,472.192220196174,NA,0,1199.47,270.42,616.36,236.48
2014-03-04,276,1824.92971577968,357.956491270963,703.281546459698,467.021525613626,NA,0,1194.84,264.68,604.97,226.36
2014-03-05,277,1816.84431022922,359.261200757693,697.52859622332,467.286893826079,NA,0,1178.12,266.65,609.49,232.62
2014-03-06,278,1806.4560399406,360.350186193398,688.704966726477,463.593573262794,NA,0,1189.71,268.37,613.41,230.65
2014-03-07,279,1806.02940541597,361.456339546702,680.115916674936,464.982931410449,NA,0,1216.72,260.52,595.48,231.96
2014-03-08,280,1826.12322050722,362.5764220391,672.867252298396,462.863141145562,NA,0,1332.15,258.63,591.15,229.4
2014-03-09,281,1849.96325258193,363.698327629659,665.694714610601,452.495094042622,NA,0,1306.23,260.25,594.86,227.01
2014-03-10,282,1842.77061441065,364.773135051163,658.660843837666,459.223223908299,NA,0,1326.01,258.2,534.84,261.49
2014-03-11,283,1839.55688339558,365.819906378534,652.079370624759,461.44985679115,NA,0,1329.45,255.86,529.99,264.28
2014-03-12,284,1829.01260893614,366.814945783631,640.909682218414,461.815059650166,NA,0,1309.27,254.22,526.6,264.46
2014-03-13,285,1820.50291097345,368.143813025453,636.996405226878,462.668080247316,NA,0,1319.73,255.14,543.99,254.96
2014-03-14,286,1815.78131504125,369.292722273707,638.997686427702,463.779807874212,NA,0,1310.19,253.39,542.98,257.13
2014-03-15,287,1810.02600402109,370.194632102557,636.846748010456,459.483659963072,NA,0,1324.86,253.68,543.6,255.09
2014-03-16,288,1803.18254755657,371.220391269841,633.181840353203,457.416043506846,NA,0,1307.78,251.39,538.68,248.63
2014-03-17,289,1796.0876176493,372.295501641991,626.329748627414,459.986872374228,NA,0,1309.6,252.82,541.75,248.22
2014-03-18,290,1787.09557681488,373.267966757076,620.065272783829,459.71290631484,NA,0,1272.58,249.78,535.24,244.88
2014-03-19,291,1771.51462118334,373.93553536342,622.247381099963,459.518292746199,NA,0,1284.05,203.75,539.1,236.67
2014-03-20,292,1760.88706662123,374.495745061035,614.562839806958,452.608609586785,NA,0,1308.95,240.81,547.51,225.45
2014-03-21,293,1756.70277672175,375.164950394842,605.332981361483,458.187197574926,NA,0,1294.7,252.33,540.7,229.31
2014-03-22,294,1736.28196009966,373.635401130258,546.072613047247,450.424265255162,NA,0,598.56,155.75,302.51,192.31
2014-03-23,295,1686.07351987036,372.305257220751,517.09082084878,453.064009133503,NA,0,940.92,220.76,432.1,267.64
2014-03-24,296,1636.96154183773,369.130699926334,543.670868420419,424.094766687048,NA,0,246.43,89.41,106.91,24.01
2014-03-25,297,1583.45949458991,363.193236058652,394.31053953666,373.429549896249,NA,0,219.97,48.29,9.81,178.5
2014-03-26,298,1434.66591849273,360.575918448297,470.759936824109,461.74837082835,NA,0,1172.89,269,486.84,72.79
2014-03-27,299,1576.37327567426,358.555154535092,673.431248377104,378.485636402678,NA,0,497.54,89.6,164.78,197.56
2014-03-28,300,1068.47770095786,338.627953989051,488.766839656671,452.972030532984,230.93851171557,0,179.61,20.58,401.02,295.02
2014-03-29,301,540.293795226767,385.047353689409,417.97793337664,429.991364217067,231.556902347259,0,357.54,103.6,140.74,190.24
2014-03-30,302,539.46990516627,796.668323115403,319.203933495166,439.319272294046,249.672255538033,0,1111.8,234.42,487.12,343.28
2014-03-31,303,628.779418111841,810.275224471996,473.682929015722,498.993403003557,248.977444253435,0,1261.62,247.62,530.62,232.99
2014-04-01,304,634.492569960034,809.565581714501,470.167362699457,497.71717786349,246.551319072754,0,1260.09,246.51,528.32,244.15
2014-04-02,305,637.050086038053,807.686210901544,467.105250839029,491.003626402674,246.444754622805,0,1262.15,247.15,529.68,243.97
2014-04-03,306,639.223732234251,812.030271493924,464.962827694452,491.756330350856,246.475726707504,0,1266.28,248.03,531.58,244.72
2014-04-04,307,642.716565588929,804.162362532759,460.376397752394,493.186226465151,246.578304386358,0,1280.31,206.64,539.14,248.08
2014-04-05,308,645.724686689474,795.583816244927,456.230846335101,495.259582321377,245.918875605615,0,1286.67,210.29,539.2,245.44
2014-04-06,309,648.546310863024,751.49290993146,452.580751335104,494.165772322549,245.215994151314,0,925.83,171.1,401.1,183.67
2014-04-07,310,643.395310354714,399.122934918693,439.379592297838,490.669205217673,235.108239345149,0,52.88,12.44,428.03,208.02
2014-04-08,311,555.461589653009,698.202547554333,386.304613872568,458.145608124038,244.935658216581,0,1040.68,198.5,543.96,240.57
2014-04-09,312,618.462950836817,835.580212886369,446.875417856408,491.237798602816,244.235186295313,0,1217.92,209.39,573.63,249.1
2014-04-10,313,651.216072560631,655.79225172697,440.859208726177,490.094150589256,238.998773550176,0,985.07,202.46,294.4,220.07
2014-04-11,314,618.183665912461,810.490798910605,365.316282885417,475.681662584028,243.048303272815,0,1259.32,213.71,585.5,251.02
2014-04-12,315,654.17432694791,813.461031870379,436.973146380187,489.994617674552,242.840023286589,0,1254.79,213.39,584.55,249.52
2014-04-13,316,658.11129156404,809.827609872656,431.877405211701,490.494078698529,241.973020259245,0,1250.18,210.65,577.19,246.85
2014-04-14,317,660.478754408789,807.764955654612,429.118844724322,488.889093589469,241.536657216666,0,1245.44,215.16,584.55,247.48
2014-04-15,318,663.118923494821,809.770196322013,425.564447527351,488.670770946748,241.443629477169,0,1256.97,210.76,577.68,247.69
2014-04-16,319,666.481804668285,820.794830814753,421.713344331347,489.493266356379,242.165568545683,0,1248.98,210.38,576.69,247.99
2014-04-17,320,671.921112227962,817.929449438093,426.674691255085,492.823212929126,240.808695819183,0,1267.54,213,583.62,250.07
2014-04-18,321,674.317148296431,812.001440819451,414.57948813475,489.49180160608,240.612952789223,0,1256.91,210.99,578,247.18
2014-04-19,322,675.84224304588,822.435653416152,411.939526731828,489.885801997368,241.257679372742,0,1283.57,211.19,578.95,251.39
2014-04-20,323,680.959472798945,821.835964372167,409.066875206668,492.883511808665,241.053089848506,0,1284.97,209.66,574.74,251
2014-04-21,324,683.684428071929,803.908145845257,406.514558651207,492.322648145548,240.260893942884,0,1261.85,169.26,575.45,248.55
2014-04-22,325,680.625054679686,792.155890081065,412.27540547201,488.90135579203,239.593514273717,631.47,1206.79,137.8,555.35,237.41
2014-04-23,326,677.856295682739,793.313629617919,413.68668082934,485.969164056584,239.573487404958,1166.46,1278.99,151.04,581.4,217.96
2014-04-24,327,677.741976717075,805.273338575387,408.974563769832,485.666752551454,231.844694528951,1549.81,833.38,200.67,714.49,192.44
2014-04-25,328,680.077729098727,808.453079696119,405.645417077813,461.017480677686,239.280413818407,1248.7,1294.23,163.06,589.96,247.23
2014-04-26,329,680.52817296885,810.119561116746,404.783975886718,484.9525952668,238.249008370374,1345.78,1280.42,173.54,583.71,244.07
2014-04-27,330,681.317752874076,805.307850149292,401.520173398241,482.167317480288,237.765579897328,1349.56,1266.17,213.48,584.82,243.12
2014-04-28,331,682.537048617854,820.330107274531,398.696696605454,481.584731305062,238.017986243006,1345.61,1295.64,212.63,582.58,245.97
2014-04-29,332,688.252299037068,820.40365347812,396.354843404119,483.307166722611,238.137834863309,1279.46,1267.79,202.33,554.65,238.06
2014-04-30,333,690.785807706302,853.873998132216,393.934161213288,484.53882678699,238.023576046291,1225.62,1256.92,196.8,539.32,230.51
2014-05-01,334,701.082040907014,911.158695357916,391.030157133876,484.967586487798,238.804351104586,1212.9,1349.88,194.26,532.62,229.21
2014-05-02,335,717.748590696957,902.570675706238,388.340969157153,488.168483237502,238.319365686233,1074.04,1350.61,193.48,530.32,227.49
2014-05-03,336,720.375045939197,895.176944107329,383.936463356358,487.290567934445,237.36356910308,1044.17,1342.36,193.05,529.07,225.58
2014-05-04,337,722.948150529892,887.415870694269,383.318500554868,484.933045674544,237.72559661137,970.2,1344.44,191.08,523.92,224.74
2014-05-05,338,725.130743932159,875.324995983814,380.716202418738,486.83310742805,237.148959552431,946.12,1318.46,199.63,544.38,258.38
2014-05-06,339,726.62810887202,864.296314690474,377.847508675676,485.821914953931,237.150329771269,1002.83,1292.56,196.51,535.8,254.05
2014-05-07,340,728.000501886459,853.624627705622,374.493124528793,486.611905901289,236.561662514086,925.31,1281.25,195.86,533.97,252.47
2014-05-08,341,729.090098083248,813.824825975025,361.057386325681,484.332687144,236.004671039249,913.86,1156.6,105.51,262.96,261.88
2014-05-09,342,723.940624702868,332.12254383922,250.54716734123,230.542031501144,235.703658187181,176.8,493.47,0,0,348.6
2014-05-10,343,614.545489819053,483.088321782364,0,479.584753530901,234.933766580358,944.19,1206.07,0,107.31,253.83
2014-05-11,344,690.303743859148,519.123249948619,714.546483158843,475.284506355421,234.214928780793,823.41,1111.36,94.4,469.42,231.51
2014-05-12,345,694.62301261268,756.239170212935,878.203781945306,472.546180463522,233.20980490131,769.01,1089.83,175.82,479.16,224.81
2014-05-13,346,697.033576076747,746.454771151202,882.121906172126,469.880907011314,233.129319596915,740.8,1108.5,177.92,481.15,223.23
2014-05-14,347,696.01492522717,750.020943737737,888.041553400051,470.094624178048,233.100033287871,713.24,1120.87,180.26,487.45,225.84
2014-05-15,348,697.899364283593,772.692299035558,899.983175546741,468.874945498312,233.159222095218,743.83,1051.71,64.25,456.34,210.63
2014-05-16,349,698.746085857221,827.512693269729,803.238541646873,465.549178488137,233.087207964574,736.09,1069.25,0,450.38,210.13
2014-05-17,350,704.64547734422,580.504174543038,783.604911705617,461.09450875607,240.076981893333,782.88,1065.51,0,455.79,232.87
2014-05-18,351,695.278352324111,573.520201838923,775.356119369437,478.948601908906,239.8447733665,834.68,1060.68,0,455.57,225.92
2014-05-19,352,687.539204306072,569.278757169657,771.592588956917,473.500909364359,239.863301784804,788.8,1070.94,0,450.86,220.88
2014-05-20,353,680.334649284412,563.531302272999,762.29717522489,468.968581430131,239.820625849148,783.06,1039.28,0,454.02,222.58
2014-05-21,354,672.736991817488,555.628602316269,753.395167047862,464.336936340688,239.8390131212,743.77,1051.25,0,454.45,221.78
2014-05-22,355,664.615007442667,555.267095028741,745.197304004281,460.008023883976,239.440648344657,735.41,1056.25,0,459.04,223.49
2014-05-23,356,657.847995532354,558.792287982057,731.8560449877,454.409728880171,239.380199199875,742.89,1067.53,0,463.91,224.58
2014-05-24,357,651.535188054593,564.82578116117,716.479893670848,449.911886234388,239.633810274488,746.54,1079.36,0,468,224.8
2014-05-25,358,645.17408667334,574.577768905537,789.864796997526,446.385861214691,237.21361735355,750.57,1102.34,1.3,469.68,218.49
2014-05-26,359,640.02830218552,798.382261595709,780.9470778756,436.976898399752,232.278295613538,727.26,1057.78,144.14,448.28,195.66
2014-05-27,360,640.937956239248,795.393233823101,773.497298895514,422.676286176214,232.243744210367,715.5,1063.17,164.82,449.19,201.53
2014-05-28,361,643.717710809765,805.087742474587,767.90108260723,424.410211541639,233.493227926498,695.01,1087.43,189.1,416.03,231.07
2014-05-29,362,648.590598066251,795.335833867831,775.363088695515,430.011958311758,232.649886624052,698.77,1096.32,190.12,418.28,234.29
2014-05-30,363,649.045537080813,797.794843651868,756.64688811481,428.867583850205,232.328062180365,704.08,1111.83,191.25,420.8,237.1
2014-05-31,364,652.026920651097,804.200318742606,750.929088680188,429.419097412996,232.13035945338,715.93,1134.99,194.94,428.87,241.19
2014-06-01,365,655.90163287291,815.82188326996,745.782222620496,430.349452621699,232.31085093172,724.21,1152.6,196.08,431.47,243.64
2014-06-02,366,661.069625774551,739.994399750376,740.713846803542,432.120102691393,228.614442966555,459.83,1068.24,194.41,325.75,221.03
2014-06-03,367,648.594111402504,804.656830169082,659.455776663348,423.58080956324,231.526683645269,715.1,1109.18,194.94,411.55,239.71
2014-06-04,368,665.129687078371,802.104306772595,731.30405508912,436.708847394382,230.52063808258,706.8,1109.98,193.38,421.75,237.3
2014-06-05,369,666.90598811054,813.529712945539,728.042564262158,434.76416741151,231.388216198485,677.29,1178.62,204.21,445.16,255.67
2014-06-06,370,671.810314990031,805.668535873386,723.447507848668,438.745393980922,232.194807579244,690.38,1180.81,204.19,445.36,256
2014-06-07,371,672.422164637381,821.00004848439,719.81515883255,442.398283176544,232.530360295233,694.3,1199.75,205.56,448.72,257.84
2014-06-08,372,678.194779274676,826.094862327517,716.185279361439,444.432400173304,232.289090013001,690.7,1197.7,205.52,452.13,256.49
2014-06-09,373,681.818679728588,827.744318650843,712.960777122052,444.577190926134,232.459701781576,238.45,1349.24,231.66,509.65,288.87
2014-06-10,374,684.686499376712,827.092370449488,708.921930881871,445.949248960767,232.700649416874,647.11,1189.09,205.19,451.41,255.7
2014-06-11,375,687.01095741319,826.034806438626,705.443645441714,447.372171462938,233.010787561287,745.92,1172.31,205.71,452.56,254.83
2014-06-12,376,689.231420919734,833.867026657902,702.773918605978,448.936338884463,233.280893200844,804.85,1175.15,205.41,451.89,253.87
2014-06-13,377,693.481162095131,836.326703692707,700.345604261872,450.308722048768,233.126272552298,818.89,1116.79,193.5,503.1,239.97
2014-06-14,378,696.311995543433,832.670413488533,697.471872813922,450.196356280051,233.691101137154,781.21,1102.45,190.4,495.05,236.57
2014-06-15,379,697.715800017299,831.014171827989,694.917825295879,452.329989416571,234.009485066889,786.16,1104.3,190.81,496.1,236.55
2014-06-16,380,699.450606667964,858.968108875614,692.706388453097,453.600109233839,234.408890087162,757.43,1120.89,192.67,500.94,232.51
2014-06-17,381,708.036364808576,896.70950167092,690.64402615306,455.063061027956,233.937796213013,726.5,1156.42,188.43,489.91,231.91
2014-06-18,382,719.59119170767,893.926445523487,688.555780657914,453.763563978054,232.535317898313,723.96,1160.01,187.27,486.9,229.52
2014-06-19,383,722.536858364777,890.431719864474,686.554146587355,449.667521033016,231.575991350796,715.28,1147.01,186.05,483.72,225.7
2014-06-20,384,725.08304063413,883.510074036191,684.047699592616,446.97177180016,234.021727499533,710.62,1146.84,185.52,482.36,226.71
2014-06-21,385,726.688904253647,882.890688163677,681.440123470227,455.002763317039,233.224734500429,708.04,1146.08,184.04,478.49,225.72
2014-06-22,386,729.576434921688,870.2780083988,679.480868959434,452.64679793671,234.348257998011,702.73,1136.02,182.39,474.22,223.97
2014-06-23,387,729.537936630509,865.701102690573,676.896981154823,456.375931571788,234.099894018965,695.74,1117.48,179.37,466.36,219.8
2014-06-24,388,730.98259723648,861.420868211664,669.728980303855,455.797073922925,234.106570597945,658.27,1169.41,187.64,440.96,226.23
2014-06-25,389,733.368537225226,847.177352991065,672.58847113439,456.259960623484,234.49297910556,576.35,1199.09,196.91,462.73,231.36
2014-06-26,390,733.283113463702,577.493488410021,669.794619068757,456.726617412777,223.787530375616,369.83,660.56,120.5,183.67,127.49
2014-06-27,391,675.527117334437,634.099467035065,1737.70672822042,429.479773938044,232.223188616645,418.45,964.21,173.73,296.83,205.56
2014-06-28,392,687.888689947589,822.716901266232,2063.69984462523,462.100696176189,234.231544021142,588.96,1119.75,186.58,394.59,225.63
2014-06-29,393,730.830345359715,813.31302089667,628.440593803255,468.644048830005,234.004774730879,571.88,1107.66,187.26,432.02,220.34
2014-06-30,394,731.076088228265,807.414138156956,629.685086105554,467.727589854542,234.162161302962,512.52,1141,191.87,442.64,226.06
2014-07-01,395,731.850607450956,807.391771902264,628.99853055873,467.969017507261,234.548176079618,563.26,1109.35,186.83,439.06,226.89
2014-07-02,396,733.634146334042,803.308087622451,629.621408563454,468.86261870425,234.531311461671,564.26,1109.15,186.85,439.09,226.6
2014-07-03,397,734.434130781737,800.621532067071,628.962239127204,468.459349290839,234.811977183326,565.09,1110.91,187.02,439.5,226.34
2014-07-04,398,735.420740868863,799.865830105797,628.380390553346,469.005512981365,234.655229643173,563.73,1111.67,185.51,435.95,225.47
2014-07-05,399,736.754177555178,796.941131793953,627.859493378262,468.166484592751,234.928123638208,563.46,1107.58,185.2,435.23,225.66
2014-07-06,400,491.681893988456,864.667654120905,462.675775764879,585.658214471665,836.952651562169,563.38,1098.4,184.96,434.67,225.73
2014-07-07,401,0,555.933418668927,192.177728682023,631.887670244196,595.55879454766,522,1110.52,188.38,442.68,229.33
2014-07-08,402,0,550.125117583022,190.68997341705,630.411445524354,593.871939114469,523.33,1104.61,189.5,445.32,230.15
2014-07-09,403,0,548.394750696266,190.672239707009,629.402574705793,592.495168099877,521.97,1100.81,188.9,443.92,230.38
2014-07-10,404,0,548.726083698043,187.718125625,631.03892649482,591.418258989615,490.49,1109.35,191.88,450.92,233.28
2014-07-11,405,0,548.370182629813,205.331036406108,631.596479627678,589.852625193589,491.71,1106.42,192.49,452.35,232.53
2014-07-12,406,0,547.570766829876,185.167929885777,634.552810452653,588.168143151111,488.44,1120.08,188.82,443.73,231.65
2014-07-13,407,0,558.139269084989,183.728464593984,636.182584915515,587.53134137775,481.59,1109.35,188.11,442.05,229.51
2014-07-14,408,0,556.977594315307,187.190758806777,636.538512960985,586.136455135988,492.02,1091.38,185.57,436.1,226.01
2014-07-15,409,0,553.738770870369,187.789489549148,634.202200664728,584.622040114599,476.08,1117.68,189.03,444.23,233.07
2014-07-16,410,0,560.306797413183,187.993127174634,633.950782197155,583.722689104011,466.34,1110.34,187.73,441.15,231.68
2014-07-17,411,0,556.312733623559,187.133000994888,631.969417197412,582.400696816821,463.64,1102.21,187.62,440.9,231.08
2014-07-18,412,0,546.985332573826,187.069445032537,629.364969408331,581.070573562682,459.37,1095.2,186.27,437.73,229.48
2014-07-19,413,0,541.677421127346,187.189833445311,625.564415289,579.788731155251,458.09,1094.58,185.94,436.95,229.08
2014-07-20,414,0,537.96201118818,176.365852922774,580.586070241828,578.568729059757,290.87,1063.56,191.61,380.77,155.38
2014-07-21,415,0,487.799916375048,182.958275711524,617.040623169371,577.036830936236,487.33,1047.69,191.45,414.84,133.54
2014-07-22,416,0,479.033815600259,181.546778089614,618.40127191538,571.453596969682,468.63,1047.04,189.9,446.27,224.19
2014-07-23,417,0,483.704517076866,227.862692982278,616.943770316111,571.47123354638,465.25,1037.74,188.17,442.19,221.77
2014-07-24,418,0,490.603692609254,225.378922060262,614.798900656607,570.128174656637,466.58,1051.17,190.51,447.69,223.21
2014-07-25,419,0,492.616571276737,227.62045044291,612.297003122099,568.846587155604,464.22,1056.31,189.06,444.29,225.33
2014-07-26,420,0,493.721140659783,238.530653893398,605.141708436935,567.317859568624,458.9,1044.72,186.07,441.5,223.58
2014-07-27,421,0,492.963324600247,244.442870449456,600.456284251104,566.091030490614,460.83,1052.32,189.06,444.28,225.86
2014-07-28,422,0,505.541642162421,236.575122507317,599.164348422543,564.638947925921,457.95,1047.4,187.63,440.93,225.28
2014-07-29,423,0,513.750948642981,236.501671089068,598.245936287778,563.092304471802,481.51,1040.16,186.18,437.53,224.12
2014-07-30,424,0,520.774466586482,220.839638722727,603.575861896646,561.991970791897,489.43,997.38,153.93,418.68,214.87
2014-07-31,425,0,518.337224234805,240.942862516857,604.372817297231,560.824411859383,375.93,1255.25,181.66,355.48,196.37
2014-08-01,426,0,529.509210465505,241.888287851575,602.856669661863,559.669122242021,378.38,1268.08,183.95,357.69,195.54
2014-08-02,427,0,536.383460291396,241.659026623086,601.705012330755,557.920858348282,379.41,1267.54,184.75,359.24,195.23
2014-08-03,428,0,541.609417303634,238.814424012935,603.239733101303,556.311838117059,377.42,1261.33,183.88,357.55,194.31
2014-08-04,429,0,544.165888239155,236.740958111426,602.408270862146,554.884423493317,417.98,1280.23,186.96,363.53,197.66
2014-08-05,430,0,546.948543053926,236.60623364409,600.776878090275,553.675085074987,507.75,1236.61,180.42,350.83,190.7
2014-08-06,431,0,545.397577162019,237.368302390029,598.998434492858,552.467844129638,469.73,1242.96,180.22,350.44,198.4
2014-08-07,432,0,551.108962407262,237.195443036632,597.849237720308,551.289028434573,521.26,1182.78,174.56,334.33,187.32
2014-08-08,433,0,542.838665276904,239.639178678055,596.479935404351,549.857518316926,518.32,1179.46,173.47,332.25,186.52
2014-08-09,434,0,551.804245525095,243.09338247985,594.709748213793,548.586811668191,493.37,1175.77,170.15,330.84,187.39
2014-08-10,435,0,551.626073183012,243.896934399981,592.800208385522,547.356415932678,509.21,1163.78,170.25,326.08,184.07
2014-08-11,436,0,551.966887779392,244.830363464779,590.126634639494,545.760835001636,351.8,1205.65,175.91,336.92,191.07
2014-08-12,437,0,558.305268832863,245.979849304594,590.6160303337,544.600739208312,287.03,1214.29,175.23,340.72,194.74
2014-08-13,438,0,555.584869580684,248.522331424368,590.19642469752,543.587956408915,278.58,1222.62,174.51,339.33,194.89
2014-08-14,439,0,562.735753256331,248.685383723431,588.980134811809,542.607668443687,297.19,1229.06,175.42,341.09,192.77
2014-08-15,440,0,558.456010165498,249.122153148083,589.563049156728,541.128082617202,297.33,1235.28,175.96,342.15,191.43
2014-08-16,441,0,565.782670260938,248.600234999259,589.055931342534,540.076048131642,296.2,1229.35,175.16,340.59,190.63
2014-08-17,442,0,568.112725595124,249.716005142425,588.157919725843,538.957577763742,296.12,1231.86,175.23,340.72,190.59
2014-08-18,443,0,566.147037265827,250.894533284877,587.801242465801,537.472497687748,293.35,1227.95,174.03,338.4,189.16
2014-08-19,444,0,566.140149937936,115.061338354677,526.534110471191,535.553701138392,0,79.31,10.2,4.3,22.97
2014-08-20,445,0,358.63567946612,102.319279472617,217.140686639111,119.409500456028,0,0,0,0,0
2014-08-21,446,0,0,0,0,0,0,0,0,0,0
2014-08-22,447,0,0,0,0,0,0,0,0,0,0
2014-08-23,448,0,0,0,0,0,0,0,0,0,0
2014-08-24,449,0,0,0,0,0,0,0,0,0,0
2014-08-25,450,0,2.17037729544304e-11,116.945,724.634079633359,0,0,740.85,108.65,155.58,0
2014-08-26,451,0,1027.66968098465,164.076869063766,1026.03094254485,0,0,583.1,187.4,332.73,0
2014-08-27,452,0,969.07056958959,154.131752520053,1025.31207623459,0,0,521.8,184.6,358.23,0
2014-08-28,453,0,840.309166759117,158.178188992064,2179.41736045247,0,0,589.54,190.17,290.24,0
2014-08-29,454,0,912.78478248118,150.849532055586,2010.37907773348,0,0,516.94,193.79,374.02,0
2014-08-30,455,0,704.730578177855,147.461846458501,1014.11154858185,0,0,481.7,189.57,368.61,0
2014-08-31,456,0,624.6722278425,146.746929375223,1015.41039753209,0,0,469.7,194.05,377.32,0
2014-09-01,457,0,600.638862509029,152.734413901311,1014.11846996089,0,0,488.42,190.07,369.58,0
2014-09-02,458,0,595.314474962058,157.845017197569,1009.7436850724,413.708142229001,0,610.72,210.77,419.29,29.63
2014-09-03,459,0,695.230119342726,214.33464547838,964.140039026294,552.250318461918,103.77,1123.32,188.01,305.75,228.09
2014-09-04,460,0,1153.67730943588,253.383096399995,994.4522098082,580.673699108011,290.3,1319.35,175.62,327.3,212.27
2014-09-05,461,0,1184.73201188573,244.517849967581,995.567057326911,588.270479702698,427.63,1258.26,172.51,335.43,211.34
2014-09-06,462,0,1099.8667370353,244.508174489762,993.319508680467,588.503430096843,422.69,1245.86,174.27,333.78,204.1
2014-09-07,463,0,1033.44581716057,245.715971694511,992.330714846284,587.621078749495,412.14,1240.68,171.51,333.5,204.01
2014-09-08,464,0,977.028839310149,246.20241507343,991.864526719019,587.081600936257,410.96,1236.58,171.29,333.06,197.29
2014-09-09,465,0,921.045198794827,245.055899075639,990.552852931761,585.388534869955,409.11,1229.27,170.51,331.54,201.45
2014-09-10,466,0,875.712806594935,243.141673744304,988.659246222605,584.337124139751,389.68,1220.28,170.94,332.39,197.29
2014-09-11,467,0,828.458540066068,249.403100489368,986.125051170501,582.741524748509,380.29,1195.64,167.99,326.65,190.35
2014-09-12,468,0,791.373713077079,247.884737238369,983.384374020888,580.982267034711,391.22,1222.65,173.84,338.03,196.46
2014-09-13,469,0,755.104312946384,249.925145850309,980.566858731952,580.122033463906,391.65,1223.26,173.19,336.76,193.51
2014-09-14,470,0,739.396719819873,247.646973303287,977.560095594027,578.433085936343,384.47,1201.18,170.7,331.91,188.87
2014-09-15,471,0,716.62679925958,247.420862411254,974.755569008104,577.26114110061,342.35,1227.24,174.56,339.41,191.73
2014-09-16,472,0,697.588070116506,247.940922715289,970.395995564527,575.964329467575,338.88,1216.49,172.69,335.78,187.78
2014-09-17,473,0,679.174130735651,247.359078714837,968.810017379394,573.767683669754,344.5,1203.66,174,333.27,185.33
2014-09-18,474,0,655.467255277771,269.025375609832,965.91453191354,573.618027600198,333.55,1200.48,173.91,333.09,196.95
2014-09-19,475,0,642.582859775916,268.646719213649,962.749172455676,572.516435005263,329.6,1189.08,172.94,331.24,195.59
2014-09-20,476,0,630.051284957671,264.754814988694,959.959155893496,570.719256475579,358.2,1186.37,177.56,340.08,200.91
2014-09-21,477,0,618.768660785137,269.623053740168,956.528653525186,570.031547716507,377.72,1188.93,174.02,333.29,196.86
2014-09-22,478,0,610.881202415401,273.23166395608,953.673718350489,568.445008414497,356.65,1193.53,173.94,333.16,196.96
2014-09-23,479,0,608.853466119453,272.033585137493,951.037044881046,567.435606249216,354.31,1187.64,174.28,338.89,198.19
2014-09-24,480,0,608.38464815565,275.139819533984,949.011267824259,565.96320687225,338.53,1187.34,173.7,337.74,197.56
2014-09-25,481,0,607.03205987346,275.154763022705,947.038845873698,564.61497092346,324.9,1187.17,174.24,338.79,197.98
2014-09-26,482,0,604.293858633058,274.550052252787,945.016429146656,563.66363215317,324.95,1184.83,174.24,338.8,197.89
2014-09-27,483,0,602.126262070252,274.720244782514,942.540733015104,562.534990223422,322.07,1168.83,172.71,335.82,195.97
2014-09-28,484,0,595.794420664539,273.942639225958,940.410558112534,561.362218571944,308.31,1164.44,172.14,334.71,195.23
2014-09-29,485,0,590.669483318009,116.743784695181,838.936229465833,560.14767410609,0,39.68,9.02,5.42,11.4
2014-09-30,486,0,365.425085341984,205.065937039167,859.66100719893,556.852292100173,0,680.46,137.42,157.75,113.56
2014-10-01,487,0,68.5911491160381,274.80086973907,931.086414764769,545.641352440404,55.2,1129.14,166.2,323.17,190.34
2014-10-02,488,0,586.48452951405,273.950252929716,925.204539590992,555.480081428585,199.07,1196.43,175.55,341.36,195.31
2014-10-03,489,0,587.825363014912,270.257689203702,915.715272649546,554.094376740607,275.22,1092.77,160.1,311.3,178.28
2014-10-04,490,0,580.456575555871,272.652722121181,923.852985521946,551.852713063174,287.64,1143,167.59,325.86,191.59
2014-10-05,491,0,581.91750620237,275.616307680925,919.795259417076,551.989154162502,323.18,1133.6,165.77,322.32,188.43
2014-10-06,492,0,584.44798286953,274.943354380624,917.267715643238,550.362570701498,315.32,1124.63,164.91,320.67,187.38
2014-10-07,493,0,584.634967133546,269.270560413003,918.989721224763,549.235437627964,322.31,1136.26,166.42,323.6,189.53
2014-10-08,494,0,583.537924697081,272.722868737347,915.759071298714,548.333232893761,320.34,1117.8,163.67,320.46,184.91
2014-10-09,495,0,574.906574862335,286.904089087871,915.901523295321,546.126712691804,325.92,1103.71,177.41,326.8,190.7
2014-10-10,496,0,571.502187701289,274.296050999309,915.177567815185,545.776026974281,329.2,1082.55,179.64,330.91,192.62
2014-10-11,497,0,559.454146119487,278.468706950625,912.112640084852,544.733272414496,325.01,1096.68,177.49,326.95,190.47
2014-10-12,498,0,563.487888166076,278.356436325079,909.557506647005,543.648501992863,323.37,1089.01,176.78,325.64,189.35
2014-10-13,499,0,556.39846189344,284.594848805952,909.024632206741,541.938990942637,320.68,1084.69,175.48,323.25,188.14
2014-10-14,500,379.900756134293,383.453727078015,291.22744926718,669.822823459505,542.595131959224,320.41,1086.55,175.31,322.94,188.31
2014-10-15,501,566.122234289317,22.8996754355774,323.508643378745,792.120893541096,720.725321441687,322.67,1087.94,175.49,323.28,188.35
2014-10-16,502,563.002419098568,28.7345078852174,322.260136463329,788.736568829704,718.360338991768,322.4,1089.13,174.39,321.24,187.05
2014-10-17,503,559.560386011124,34.5204414394346,321.385619445705,787.146008189926,716.003120285945,321.25,1089.63,173.81,320.17,186.89
2014-10-18,504,553.676381117587,40.2372850933539,322.187224593037,784.768652082322,713.653642659488,321.22,1080.18,174.6,321.63,187.21
2014-10-19,505,547.832531110199,45.8808765200658,320.583741208023,782.305980361562,711.311876788663,323.37,1070.84,175.34,323,187.62
2014-10-20,506,544.773804580815,51.4780678177541,318.920908814432,780.07184747182,708.977798279606,326.54,1058.72,173.65,319.88,185.91
2014-10-21,507,544.804327378084,57.0358220594493,319.171728790556,778.076337443986,706.651384383035,316.21,1084.5,177.17,326.36,190.31
2014-10-22,508,541.260575477248,62.7739030911643,320.255683380167,775.702610136348,704.332608696743,314.23,1072.14,176.38,324.91,188.87
2014-10-23,509,535.752186025041,68.361648837147,332.236278057798,773.291346733919,702.021443510988,313.92,1064.29,176.37,324.89,188.29
2014-10-24,510,529.87855706499,73.9392127945217,328.990530366401,770.539635199952,699.717865655599,314.24,1054.46,176.78,325.66,174.21
2014-10-25,511,529.579164698173,79.5058861708074,329.348990141793,768.080127287096,697.421849898273,317.47,1068.23,178.54,328.9,117.56
2014-10-26,512,525.853821753765,85.0684340044035,331.560650690972,764.514865504885,695.133372727663,333.14,1110.58,187.27,344.97,161.42
2014-10-27,513,523.984831171715,90.5567513649384,331.486041538777,764.072455413898,692.852398936194,318.2,1065.09,178.98,329.71,190.36
2014-10-28,514,521.100498440237,95.9297735288636,330.517184610833,758.315410647705,690.578936398295,315.14,1063.62,178.74,329.27,190.9
2014-10-29,515,519.499853258742,101.183078866209,329.44149828612,750.658228542358,688.312925799024,304.36,1030.57,159.75,318,182.9
2014-10-30,516,519.914773540909,106.525958868368,329.532375511554,752.752455991882,686.054354731945,318.25,1071.73,177.39,327.23,190.57
2014-10-31,517,516.135934625197,111.681030655212,334.98641530196,760.227617232873,683.803197151341,322.58,1073.25,178.64,321.89,189.19
2014-11-01,518,509.970684094435,116.824957953655,333.330973741624,759.044506957657,681.559430567104,316.54,1054.42,177.31,326.63,189.29
2014-11-02,519,509.251347365395,121.912742577987,331.346779139517,757.486747638472,679.323029559467,321.29,1042.65,180.04,324.42,190.03
2014-11-03,520,509.206032651093,127.363237214687,330.910882178096,755.526125108556,677.093972005974,295.17,1026.75,190.44,340.8,195.52
2014-11-04,521,506.336602551694,132.866870799163,347.383307271553,753.210452230256,674.872230655994,290.68,1033.12,187.73,335.94,193.73
2014-11-05,522,505.609877954604,138.348378027658,353.016279324444,751.023461700116,672.6577833775,288.26,1022.89,185.04,331.12,191.12
2014-11-06,523,504.507245851763,143.800717738183,354.670013084084,748.825398623611,670.450607094429,292.13,1026.32,185.14,331.3,191.37
2014-11-07,524,501.964238253697,149.198794711263,356.293684255241,746.621943045569,668.250675328242,293.13,1047.36,189.55,339.2,195.85
2014-11-08,525,498.780497643054,154.938639917822,359.668860759803,747.282880341845,666.057966363953,292.29,1039.83,189.18,338.53,195.26
2014-11-09,526,497.64530751758,160.741537437969,371.587382228525,769.77230670961,663.872456445211,289.93,1037.21,187.68,335.86,193.72
2014-11-10,527,496.903222792915,166.690019503789,375.621172656877,773.126799498271,661.694121414106,283.28,990.65,179.26,349.09,184.92
2014-11-11,528,495.559158668041,172.741204281313,371.573798937497,768.628101702128,659.522937017966,294.55,1019.84,186.41,363.01,192.29
2014-11-12,529,493.666017529236,178.468624313385,374.831396801665,768.751361519969,657.358879618876,295.28,1019.63,187.16,364.46,192.99
2014-11-13,530,491.805507994903,184.031428762102,366.988938254188,766.178676327577,655.201927030438,290.93,1001.28,184.54,359.37,190.12
2014-11-14,531,490.176826971641,189.588621286497,363.836949847655,762.404447680043,653.052055996985,290.46,995.77,184.34,358.97,189.7
2014-11-15,532,489.472699854373,195.087796809648,363.906661323294,761.282725800154,650.909242837766,293.48,1004.24,186.2,362.59,191.69
2014-11-16,533,489.397485201697,200.667775856999,363.919180420783,759.441589816583,648.77346446962,292.77,993.88,183.7,357.73,189.15
2014-11-17,534,489.128222292352,206.35244546817,368.530600744712,758.00860532162,646.644698489965,293.11,980.83,181.31,353.08,186.7
2014-11-18,535,488.244295159517,211.923846617946,373.552829536002,758.117589068226,644.5229203774,289.07,1005.51,186.42,363.03,191.68
2014-11-19,536,487.995277674957,217.303017542668,368.913867020622,759.456976414613,642.408105417213,281.74,978.26,181.77,353.98,186.82
2014-11-20,537,488.768192567765,222.576832027508,365.132387812556,736.659392095708,640.300233930545,285.32,989.16,184.03,358.38,189.11
2014-11-21,538,488.775566084901,227.780103932772,365.479407376324,734.540856259107,638.199283577095,283.6,981.25,183,356.36,187.96
2014-11-22,539,489.250133686292,232.954968662817,364.854034480087,744.7833866373,636.105229987599,283.17,980.88,182.72,355.82,187.72
2014-11-23,540,488.080047681555,238.087371117454,366.09218350567,742.619178625187,634.018050996359,272.89,944.45,176.44,343.6,181.04
2014-11-24,541,479.789655842619,243.509943715618,362.841025194536,742.155648174441,631.937724454954,0,981.97,50.87,357.14,188.01
2014-11-25,542,452.345266434341,0,369.948972156702,726.438691513741,629.864224888749,0,861.08,0,340.37,150.52
2014-11-26,543,194.442173922552,0,184.062530818196,627.487212492607,627.797533475491,0,300.43,0,305.37,0
2014-11-27,544,177.208418386686,0,181.319018736621,624.687426241556,0,0,315.64,0,321.38,0
2014-11-28,545,171.568348150863,245.340626277686,173.219878359793,612.922080102587,0,0,517.82,58.69,400.77,0
2014-11-29,546,126.990016181267,244.903979109855,211.693474607817,559.903914435963,0,0,271.57,146.09,336.44,0
2014-11-30,547,125.390774881283,0,181.595574422856,473.512186249955,0,1.26,146.81,0,321.67,0
2014-12-01,548,121.343336222172,0,174.272608973554,554.200982586761,0,120.29,130.07,0,198.35,0
2014-12-02,549,112.279711624084,0,175.868966513359,585.256550787015,0,0,207.03,0,253.04,0
2014-12-03,550,108.009790596133,0,174.728234357668,603.869821677733,0,0,193.28,0,262.77,0
2014-12-04,551,161.632271229985,0,164.148687912335,603.071761073002,0,0,379.68,0,282.43,0
2014-12-05,552,115.314843193716,3.91947675892594e-12,167.051379155976,534.413330847481,0,0,421.41,0,483.94,0
2014-12-06,553,153.821750385595,0,171.776839832093,561.567679067762,0,0,266.7,0,339.06,0
2014-12-07,554,118.815921542847,2.84580072490709e-12,170.414730798732,602.052402487865,0,0,222.63,0,310.03,0
2014-12-08,555,104.418674470738,0,169.231556033066,599.402326639015,0,0,202.47,0,295.37,0
2014-12-09,556,112.957437476205,0,168.120866390047,597.948988268595,0,0,208.3,0,302.9,0
2014-12-10,557,151.525198285255,3.60517186960371e-13,167.033455897387,596.928524142617,0,0,290.89,0,313.84,0
2014-12-11,558,90.9246189732491,2.85752426655618e-12,165.893373884364,595.889950799248,0,0,192.29,0,281.74,0
2014-12-12,559,137.942866049771,0,165.021697943973,594.511653722598,0,0,233.23,0,331.51,0
2014-12-13,560,109.318802759672,2.45932756059193e-12,163.867832472028,594.993771423318,0,0,191.55,0,277.88,0
2014-12-14,561,172.246656275401,0,162.822376264848,593.413211150184,0,0,300.44,0,328.13,0
2014-12-15,562,145.788451222047,4.75737424819831e-12,161.717239350756,592.383350016432,0,0,272.5,0,306.76,0
2014-12-16,563,160.81660245357,0,160.586026795439,590.856636200303,0,0,285.71,0,324.63,0
2014-12-17,564,165.342469030419,1.06138799929787e-12,159.439070289331,589.074932862116,0,0,295.77,0,333.97,0
2014-12-18,565,206.948778562297,2.62900624606476e-13,153.135892361178,587.103255390054,0,0,358.41,0,278.73,0
2014-12-19,566,183.778187645144,3.1882576897484e-12,152.514078762041,548.028445958416,0,0,362.87,0,278.82,0
2014-12-20,567,171.074701320983,0,156.267389784771,549.093674606208,0,0,317.56,0,329.27,0
2014-12-21,568,152.74765268598,0,155.14617966499,581.549073499612,0,0,284.18,0,319.65,0
2014-12-22,569,139.482471803104,0,154.016070264058,579.473691517461,0,0,273.16,0,305.35,0
2014-12-23,570,141.586350010358,0,152.995980821351,577.257828125614,0,0,275.81,0,312.7,0
2014-12-24,571,142.743679698081,5.82872228737404e-14,151.933641454312,575.756655090221,0,0,277.21,0,312.55,0
2014-12-25,572,144.958656358246,0,150.880973148232,573.881784441067,0,0,284.56,0,318.56,0
2014-12-26,573,143.715927456079,7.2978437390778e-14,149.805319783521,572.000222642612,0,0,291.27,0,326.73,0
2014-12-27,574,149.348959993285,0,148.71122126252,569.886236540029,0,0,284.48,0,314.02,0
2014-12-28,575,142.590401111061,3.42429582820793e-13,147.567673106592,567.555777040548,0,0,280.53,0,319.75,0
2014-12-29,576,152.615900048462,0,141.54682661063,564.806271003693,0,0,330.5,0,292.71,0
2014-12-30,577,161.402148104376,6.91143876339555e-13,144.497263728907,526.966616520587,0,0,293.75,0,376.06,0
2014-12-31,578,176.117518002904,5.94427371736205e-13,144.085009464275,553.001247016664,0,0,339.68,0,353.86,0
2015-01-01,579,220.75365561317,248.11484635488,143.594836115421,656.299312713233,0,94.01,571.41,14.94,488.21,29.34
2015-01-02,580,306.97879499494,252.576849940655,210.37797783262,655.397609819598,625.737708343088,790.87,711.15,782.75,324.9,159.18
2015-01-03,581,360.513195718572,257.245117050031,298.114522160589,664.948397008406,623.68455848188,916.81,834.36,871.14,343.85,207.72
2015-01-04,582,396.975099180117,261.883174431833,314.661413798021,657.921517594127,621.638203836772,788.73,816.68,855.13,337.58,206.42
2015-01-05,583,409.83873503967,266.505581992273,312.998142299314,659.067808381795,619.598525428735,790.15,822.12,838.83,331.43,221.34
2015-01-06,584,426.812484370446,271.29644582407,315.586104721577,656.158320579054,617.56555017193,783.85,868.95,834.13,324.45,223.41
2015-01-07,585,460.145944393161,276.087963001767,329.053332604402,656.982089023992,615.539252908658,574.29,926.15,859.23,333.91,230.15
2015-01-08,586,515.808312386194,281.080812982487,333.094354145354,653.558432663665,613.519594078894,626.39,1015.35,829.95,322.41,225.72
2015-01-09,587,507.305632216359,284.820971548579,347.557575890139,648.96306772208,611.506566979099,355.75,824.03,532.53,189.48,183
2015-01-10,588,493.599381250144,289.05055809584,338.927504584058,589.132820336408,609.500143463477,422.91,945.62,786.25,231,196.73
2015-01-11,589,535.614131931209,294.751795830154,357.485895607074,584.464897532687,607.500291621359,486.97,1167.01,1069.61,282.48,236.36
2015-01-12,590,534.034092575423,300.043613514575,417.008069341937,621.357079772724,605.507047888656,597.29,1089.48,859.51,312.71,221.17
2015-01-13,591,535.296509526106,305.33982755747,379.806037574188,629.315604902311,603.520320045033,610.33,1103.27,865.58,315.5,220.09
2015-01-14,592,533.124481729025,310.372462864727,380.872637628275,630.150023905258,601.540109398209,580.74,987.37,775.25,282.1,196.41
2015-01-15,593,527.926120563417,315.505658663695,372.561610618525,626.024336496373,599.566399210525,461.02,1070.17,827.2,301.02,209.59
2015-01-16,594,523.909228594621,320.344999661952,378.990171257861,624.178225736573,597.59917112939,453.09,1088.7,839.36,305.23,213.12
2015-01-17,595,517.234665874713,324.89279273574,369.756120054085,622.610682204188,595.638400906735,418.97,1026.57,776.66,282.31,197.91
2015-01-18,596,512.638640765805,329.41389125375,362.500848185961,620.453258300525,593.684066283339,442.16,1083.4,819.66,297.94,208.87
2015-01-19,597,508.157618539,333.720835323988,362.136708134829,618.251688264971,591.736146382118,447.32,1004.72,829.23,301.42,211.31
2015-01-20,598,489.947930516827,337.734991211903,336.9498321756,615.242766242176,589.794620955795,226.24,896.9,767.76,215.18,201.3
2015-01-21,599,504.447391439085,342.520470617647,361.897341803633,559.606275364468,587.859464046695,7.64,958.68,948.12,298.54,219.96
2015-01-22,600,661.889578806358,556.304404631641,340.119380121314,487.05499142101,585.930668629703,0,963.57,944.39,314.32,215.04
2015-01-23,601,1047.93465244956,823.230858269893,264.375772675341,189.960349165565,NA,0,981.8,924.64,309.83,210.97
2015-01-24,602,1054.30473279356,814.19332572302,264.555642474843,188.6985129357,NA,0,1021.26,902.12,308.19,207.84
2015-01-25,603,1046.099848,806.824373323225,264.948740816826,187.535746068003,NA,0,1006.31,890.65,303.93,203.89
2015-01-26,604,1021.18102484176,800.844514466016,254.866720025307,186.072832070587,NA,0,1006.49,886.77,277.44,188.7
2015-01-27,605,1054.95223141706,795.94698418112,234.613427778057,185.169572822966,NA,0,1049.98,943.93,118.82,87.82
2015-01-28,606,993.40892157541,791.298821767786,267.66688712068,182.705503059656,NA,0,946.4,927.74,309.9,179.1
2015-01-29,607,964.99754099313,788.040895808456,260.945299620365,182.473153857266,NA,0,946.36,925.05,308.96,175.79
2015-01-30,608,938.914584913193,785.546414908614,260.678821267291,181.403060743109,NA,0,919.8,898.87,277.58,161.02
2015-01-31,609,945.805413003591,783.746330531429,244.464374784951,180.261693930581,NA,0,907.74,885.57,170.36,126.24
2015-02-01,610,946.137931414408,781.960373232179,246.36261815947,179.026620004687,NA,0,937.48,913.75,183.95,105.73
2015-02-02,611,910.788735174769,780.884536607941,268.668883721284,176.721586489816,NA,0,901.47,875.95,270.25,159.92
2015-02-03,612,1007.96652311101,781.020742822192,262.130577951381,176.781517711272,NA,0,898.3,873.07,139.66,110.62
2015-02-04,613,921.780144920212,782.813263381275,241.102675766001,175.822675780481,NA,0,625.33,554,106.75,106.92
2015-02-05,614,704.012957831398,782.102039396183,276.333169869419,172.526294084466,NA,0,228.78,89.29,338,204.42
2015-02-06,615,908.537574483116,780.603144250494,276.09269855,173.551265597881,NA,0,702.96,1162.07,206.71,120.3
2015-02-07,616,895.675484523815,781.44262739915,269.528141701528,172.554367449766,NA,0,792.97,810.62,249.26,144.76
2015-02-08,617,797.920658640068,782.489243228866,265.255765284197,171.503082590451,NA,0,623.95,433.41,255.65,148.78
2015-02-09,618,730.02023982258,783.252431128911,267.931729115015,170.551731198224,NA,125.26,744.19,381.15,293.78,169.15
2015-02-10,619,844.612024739871,784.492855010003,263.127225718417,169.571952658203,NA,402.41,865.75,812.31,250.89,146.07
2015-02-11,620,928.996088325531,786.663821913719,259.970578750543,168.734616138663,NA,474.1,895.84,708.94,272.56,178.9
2015-02-12,621,941.000788289673,789.119989966564,256.792526139404,168.056037557328,NA,466.03,940.2,697.18,268,174.98
2015-02-13,622,951.788128540632,792.095272358677,275.583262488137,167.058570732906,NA,423.36,962.2,710.02,271.96,180.31
2015-02-14,623,957.856848532307,795.220171541417,252.512513783236,167.039025924071,NA,421.26,965.2,706.05,270.78,177.07
2015-02-15,624,957.053004970487,798.5750049239,270.144198379019,165.53938330155,NA,419.02,969.44,704.3,269.97,179.11
2015-02-16,625,944.38198301252,801.927282307402,247.246128420763,165.355838073976,NA,419.54,976.99,702.34,269.67,178.04
2015-02-17,626,931.609919542821,805.504931368013,244.848277739113,164.405503669144,NA,409.69,994.39,683.84,260.65,173.71
2015-02-18,627,924.604013329118,809.260344236868,243.937472472504,163.608348656258,NA,519.64,1001.96,716.3,274.9,180.77
2015-02-19,628,933.864608842679,812.666623440984,244.841481100336,163.085011502129,NA,652.82,1030.53,724.37,278.07,182.89
2015-02-20,629,966.731093892827,816.39672012872,244.589465788516,162.569887756241,NA,638.16,1009.31,706.94,271.56,178.49
2015-02-21,630,966.956665528946,821.130086436191,247.804547406444,161.915510717917,NA,624.59,996.11,689.52,265.58,174.89
2015-02-22,631,969.163270860679,825.528151862771,246.449305143484,161.566054554719,NA,475.6,1047.18,717.38,276,179.23
2015-02-23,632,959.025209537206,829.763525633657,245.629451709283,160.584355679867,NA,410.07,1038.28,716.15,275.59,181.56
2015-02-24,633,960.556941361579,833.519368249285,242.84275495281,160.47265017162,NA,625.9,1014.53,699.15,269.61,175.72
2015-02-25,634,964.782907439389,837.460977388695,244.162975078605,159.717258090749,NA,940.93,1022.01,705.72,272.17,176.82
2015-02-26,635,948.674442215665,841.414557503921,243.906654786332,158.892802438252,NA,738.49,1046.43,704.86,271.87,177.15
2015-02-27,636,1005.22174018298,844.812987755038,245.585461306896,158.447047738294,NA,399.77,1056.64,709.02,273.25,157.19
2015-02-28,637,1012.71052649121,848.807856260784,245.203918589028,157.927049745749,NA,0,1058.8,670.85,271.71,157.79
2015-03-01,638,1033.76605843004,852.789695836781,241.995847203677,157.551293558179,NA,0,1056.24,716.24,271.85,157.72
2015-03-02,639,1040.989091596,856.671136264551,237.67971933761,157.152769209664,NA,0,1051.49,713.85,270.42,156.98
2015-03-03,640,1044.82238664639,860.496402243965,239.017148400543,156.297068644554,NA,0,1053.04,717.16,271.12,162.93
2015-03-04,641,1053.39526192294,864.207726732502,255.899982699158,155.600600459539,NA,0,1050.75,715.86,282.91,161.52
2015-03-05,642,1073.70915324865,867.912200116777,239.314484646348,156.228150247398,NA,0,1077.56,718.68,270.27,158.88
2015-03-06,643,1115.10816692067,871.890593070784,243.84310622529,155.324466077474,NA,0,1213.31,697.73,261.96,150.54
2015-03-07,644,1172.11527686299,876.429700736162,243.171791182802,154.80251689418,NA,0,1218.64,693.61,259.79,149.7
2015-03-08,645,1177.15848506519,880.996649003781,243.1612911168,154.499058762247,NA,0,1210.61,691.71,258.51,149.76
2015-03-09,646,1176.92203919862,885.484324597613,242.980354943138,154.148980906224,NA,0,1201.66,706.94,263.44,151.82
2015-03-10,647,1180.2518348512,889.908825423689,242.918762673151,153.760329806442,NA,0,1213.89,705.8,261.71,150.41
2015-03-11,648,1184.20073023779,894.351551971603,242.806905360089,153.293637996873,NA,0,1222.74,706.67,261.22,150.13
2015-03-12,649,1195.42352628222,898.858095922884,243.918976965934,152.999612072613,NA,0,1217.77,707.62,260.65,150.59
2015-03-13,650,1191.41528908744,903.557801009058,243.826848670321,152.658766691542,NA,0,1218.6,700.36,257.26,149.08
2015-03-14,651,1193.90400847052,908.031700344255,243.561356362427,152.397062492797,NA,0,1247.39,708.18,258.79,148.78
2015-03-15,652,1166.84106798487,912.749648151103,243.6623940584,152.015059973301,NA,0,1632.83,703.7,256.56,148.65
2015-03-16,653,1098.59772296324,918.27220510367,243.934505505821,151.686418623828,NA,0,2002.08,712.24,259.2,147.89
2015-03-17,654,1063.10723903151,923.403814134531,243.708286545265,151.424766217098,NA,0,2025.24,721.35,262.19,152.21
2015-03-18,655,1066.01249375114,928.288880576476,243.272764814703,151.148042216416,NA,91.76,2021.7,722.86,263.83,151.81
2015-03-19,656,1069.94033852123,933.071673784134,244.198003554146,151.000503962482,NA,216.14,2000.27,713.91,264.35,151.69
2015-03-20,657,1095.93997982602,937.855664729757,245.330913928242,150.613569519226,NA,222.87,2035.82,733.31,271.47,155.47
2015-03-21,658,1088.88715178251,943.224378189148,245.696543721124,150.319468334552,NA,225.74,2064.61,740.9,274.32,157.97
2015-03-22,659,802.906794287802,947.590778089266,240.512237617945,150.01394484085,NA,385.1,1145.2,91.33,257.66,29.12
2015-03-23,660,478.982253455961,619.374845065728,239.282632348785,76.622233689178,NA,342.99,333.88,0,229.5,0
2015-03-24,661,403.291015895148,0,233.242394240201,0,NA,355.76,356.5,0,195.3,0
2015-03-25,662,490.847520293786,330.294773834971,231.251438779636,72.7726611720096,NA,447.87,800.79,44.33,250.48,31.78
2015-03-26,663,1097.9979632487,951.548203137412,228.068502257572,156.094086531205,NA,609.35,1994.47,736.05,269.7,132.58
2015-03-27,664,1518.98639620349,956.538197273675,241.148458832912,161.732033817896,NA,618.61,1954.67,741.77,273.87,147.64
2015-03-28,665,1534.75004959875,961.16804540013,241.228318291451,162.966773231366,NA,565.02,2013.54,706.56,261.25,148.59
2015-03-29,666,1494.6487375605,965.756602668586,241.038175709968,163.564281410794,NA,550.72,1835.3,666.68,250.31,138.89
2015-03-30,667,1485.37534608121,969.740302084326,239.472422446152,163.02870234834,NA,624.44,1927.71,697.6,257.61,145.23
2015-03-31,668,1474.03590832426,974.21902826786,242.505700136649,162.518350104124,NA,622.85,1917.89,708.43,261.54,145.11
2015-04-01,669,1457.65103574716,978.46560251357,242.308744346877,161.899871715047,NA,57.52,1811.03,681.4,251.24,138.25
2015-04-02,670,1440.99396846165,982.50762385272,241.912938000226,161.026893861333,NA,0,1825.33,696.82,256.09,139.48
2015-04-03,671,1430.01856127637,986.474912006078,241.874142402002,160.435302960932,NA,0,1826.31,692.08,254.14,140.55
2015-04-04,672,1424.36410205944,990.397943440011,242.783186425336,160.136047336453,NA,0,1818.47,691.59,253.43,137.88
2015-04-05,673,1415.58380628619,994.262753775479,243.458743841778,159.621401792897,NA,0,1810.13,687.75,252.16,139.07
2015-04-06,674,1411.8179868064,998.057022220014,244.890742552557,159.312635210271,NA,0,1807.87,687.95,252.07,139.02
2015-04-07,675,1387.55630674559,1002.09936158933,246.986249175851,159.001123548367,NA,0,1790.6,680.56,250.49,138.45
2015-04-08,676,1375.34189648058,1006.58396478652,247.262938027632,158.523684996572,NA,0,1764.01,683.38,251.63,136.88
2015-04-09,677,1365.79384355328,1010.95959631112,247.783048999152,157.636921004955,NA,0,1758.87,680.74,250.8,141.4
2015-04-10,678,1363.92996474792,1015.2870438208,248.436958639281,157.334162713268,NA,0,1744.19,673.76,248.18,138.03
2015-04-11,679,1360.9481729926,1019.62074269555,249.014229681127,156.850185851148,NA,0,1750.06,676.68,249.16,139.68
2015-04-12,680,1355.21401852475,1023.86590811045,249.119831285067,156.370202939249,NA,0,1728.98,678.43,249.64,139.96
2015-04-13,681,1349.35352699703,1028.00489315821,245.357171541679,155.97873254527,NA,0,1708.77,677.43,249.2,139.74
2015-04-14,682,1353.25412564301,1032.22068541176,242.588485549543,155.556881714653,NA,0,1714.46,682.49,250.23,138.5
2015-04-15,683,1359.03892294355,1036.76693116733,240.347220682549,154.87994204656,NA,0,1769.28,682.37,249.89,141.98
2015-04-16,684,1366.32686472807,1041.58391667144,239.895813762383,154.831907022061,NA,0,1768.7,688.32,252.44,139.79
2015-04-17,685,1368.6956500908,1046.54617448524,238.953257254336,154.208646460439,NA,0,1780.83,696.2,254.67,144.28
2015-04-18,686,1370.88881080118,1051.52106527263,236.465656198675,154.130116109227,NA,0,1802.92,689.54,252.32,140.7
2015-04-19,687,1371.69943557958,1056.51266899972,237.185011390499,153.79337784681,NA,0,1820.19,695.3,254.68,140.39
2015-04-20,688,1374.40459502514,1061.55502240585,239.50794903635,153.516828573149,NA,81.91,1815.28,696.95,255.71,140.77
2015-04-21,689,1365.27006201197,1066.48764608649,240.565414102877,153.135652505578,NA,172.87,1832.35,702.6,257.81,142.18
2015-04-22,690,1368.75792490079,1070.92905258936,242.112813342094,152.82556474761,NA,268.47,1832.51,702.84,257.92,142.09
2015-04-23,691,1354.1774103368,1075.53070822042,243.465709335891,152.533292847049,NA,320.34,1918.58,590.64,269.39,149.02
2015-04-24,692,1352.54641703601,1080.00622860575,244.927285111298,152.215366480023,NA,318.85,1908.81,588.04,268.14,146.56
2015-04-25,693,1358.10965913545,1084.442691234,245.909532057783,151.79356492657,NA,340.53,1900.52,582.39,265.67,146.94
2015-04-26,694,1358.68717203096,1088.96629468825,246.668355586033,151.321327200146,NA,339.92,1898.58,582.17,265.19,146.33
2015-04-27,695,1362.51080292136,1093.31055670277,247.449308791748,151.243991624784,NA,396.95,1916.48,585.19,266.54,147.85
2015-04-28,696,1363.24995112158,1097.67602960162,248.2098472458,150.798755318602,NA,443.99,1913.38,579.58,265.58,148.21
2015-04-29,697,1424.20519104123,1101.90675357691,248.556550654959,150.534919011134,NA,574.96,1907.06,580.26,265.86,147.6
2015-04-30,698,1438.84134718946,1105.87154288681,247.959205775684,150.165422708218,NA,607.87,1911.21,583.11,266.93,148.34
2015-05-01,699,1444.44931992814,1109.68465219515,250.126316365017,149.743237888167,NA,664.96,1905.67,582.93,266.77,147.94
